time,latitude,longitude,depth,mag,magType,nst,gap,dmin,rms,net,id,updated,place,type,horizontalError,depthError,magError,magNst,status,locationSource,magSource

2016-03-24T14:03:31.000Z,59.160200,-140.791700,0.000000,2.500000,ml,,,,0.870000,ak,ak13067900,2016-03-24T14:37:02.973Z,"74km SW of Yakutat, Alaska",earthquake,2.000000,0.600000,,,automatic,ak,ak

2016-03-24T12:47:06.020Z,36.516800,-98.835700,7.540000,2.900000,mb_lg,,49.000000,0.074000,0.800000,us,us20005c7e,2016-03-24T13:30:02.512Z,"34km ENE of Mooreland, Oklahoma",earthquake,3.300000,2.900000,0.079000,42.000000,reviewed,us,us

2016-03-24T08:42:27.000Z,62.983800,-148.324500,61.600000,2.500000,ml,,,,0.400000,ak,ak13066994,2016-03-24T09:15:49.323Z,"55km SE of Cantwell, Alaska",earthquake,0.300000,0.700000,,,automatic,ak,ak

2016-03-24T08:37:36.710Z,39.023800,70.763500,10.000000,4.900000,mb,,43.000000,0.349000,1.000000,us,us20005c6w,2016-03-24T08:55:29.200Z,"33km E of Gharm, Tajikistan",earthquake,5.000000,1.800000,0.061000,85.000000,reviewed,us,us

2016-03-24T07:57:38.660Z,43.314000,145.390700,103.240000,4.800000,mb,,134.000000,2.097000,0.660000,us,us20005c6u,2016-03-24T08:18:29.741Z,"14km W of Nemuro, Japan",earthquake,8.700000,7.200000,0.065000,74.000000,reviewed,us,us

2016-03-24T07:07:40.000Z,60.280900,-152.513200,103.700000,3.400000,ml,,,,0.740000,ak,ak13066102,2016-03-24T15:10:24.976Z,"26km SSE of Redoubt Volcano, Alaska",earthquake,0.500000,0.500000,,,automatic,ak,ak

2016-03-24T07:01:45.100Z,19.074100,-66.101900,9.000000,3.100000,Md,9.000000,234.000000,0.759975,0.250000,pr,pr16084002,2016-03-24T15:04:17.029Z,"67km N of San Juan, Puerto Rico",earthquake,1.400000,2.300000,0.000000,9.000000,reviewed,pr,pr

2016-03-24T05:40:26.540Z,-59.751000,-26.592700,61.770000,4.900000,mb,,123.000000,7.688000,0.810000,us,us20005c6c,2016-03-24T13:42:56.409Z,"80km S of Bristol Island, South Sandwich Islands",earthquake,12.100000,9.100000,0.079000,51.000000,reviewed,us,us

2016-03-24T04:12:07.000Z,58.206400,-154.184900,92.800000,2.900000,ml,,,,0.390000,ak,ak13065218,2016-03-24T12:14:39.233Z,"75km N of Larsen Bay, Alaska",earthquake,1.700000,2.000000,,,automatic,ak,ak

2016-03-24T03:26:35.000Z,59.707000,-153.213500,110.100000,2.900000,ml,,,,0.600000,ak,ak13065209,2016-03-24T11:29:14.155Z,"78km W of Anchor Point, Alaska",earthquake,0.800000,0.600000,,,automatic,ak,ak

2016-03-24T02:14:21.472Z,41.904800,-119.605600,8.100000,3.500000,ml,7.000000,102.090000,0.148000,0.202500,nn,nn00537328,2016-03-24T10:17:05.478Z,"68km ESE of Lakeview, Oregon",earthquake,3.940000,4.600000,0.310000,6.000000,reviewed,nn,nn

2016-03-24T00:29:39.610Z,16.476200,-97.799400,10.000000,4.900000,mb,,147.000000,1.306000,1.290000,us,us20005c5e,2016-03-24T02:18:06.780Z,"14km ENE of Pinotepa de Don Luis, Mexico",earthquake,5.800000,1.900000,0.030000,346.000000,reviewed,us,us

2016-03-24T00:24:24.800Z,18.696100,-67.520300,8.000000,2.500000,Md,4.000000,302.400000,0.311715,0.680000,pr,pr16084000,2016-03-24T08:27:06.580Z,"48km NW of Aguadilla, Puerto Rico",earthquake,4.000000,3.600000,0.000000,3.000000,reviewed,pr,pr

2016-03-23T23:56:25.000Z,59.822000,-153.090300,94.200000,3.400000,ml,,,,0.580000,ak,ak13062591,2016-03-24T07:58:53.074Z,"70km W of Anchor Point, Alaska",earthquake,0.400000,0.400000,,,automatic,ak,ak

2016-03-23T23:22:05.030Z,32.256500,-115.232667,16.980000,2.900000,ml,17.000000,183.000000,0.140500,0.200000,ci,ci37539152,2016-03-24T00:40:29.978Z,"7km WNW of Alberto Oviedo Mota, B.C., MX",earthquake,0.680000,0.980000,0.155000,32.000000,reviewed,ci,ci

2016-03-23T23:00:09.700Z,18.249700,-66.388900,8.000000,2.500000,Md,12.000000,108.000000,0.249732,0.270000,pr,pr16083006,2016-03-24T07:02:52.474Z,"8km SSE of Morovis, Puerto Rico",earthquake,0.500000,1.400000,0.000000,11.000000,reviewed,pr,pr

2016-03-23T21:31:14.680Z,-3.840000,138.109900,83.000000,4.800000,mb,,59.000000,7.926000,1.030000,us,us20005c3s,2016-03-24T05:33:54.029Z,"195km E of Enarotali, Indonesia",earthquake,9.700000,7.500000,0.068000,67.000000,reviewed,us,us

2016-03-23T21:26:42.900Z,18.793500,-64.691100,36.000000,3.000000,Md,15.000000,262.800000,0.380886,0.250000,pr,pr16083005,2016-03-24T05:29:08.641Z,"42km N of Road Town, British Virgin Islands",earthquake,0.900000,2.100000,0.000000,11.000000,reviewed,pr,pr

2016-03-23T20:10:39.916Z,38.481400,-118.363200,6.300000,3.300000,ml,26.000000,45.340000,0.050000,0.187200,nn,nn00537228,2016-03-24T01:38:17.334Z,"22km ESE of Hawthorne, Nevada",earthquake,0.760000,1.200000,0.340000,7.000000,reviewed,nn,nn

2016-03-23T20:06:59.000Z,61.164700,-158.547300,40.200000,2.800000,ml,,,,0.780000,ak,ak13059872,2016-03-24T04:09:28.083Z,"132km SSE of Holy Cross, Alaska",earthquake,2.500000,15.200000,,,automatic,ak,ak

2016-03-23T20:03:59.600Z,18.955200,-66.675100,59.000000,2.600000,Md,6.000000,309.600000,0.609956,0.360000,pr,pr16083007,2016-03-24T04:06:39.724Z,"53km N of Arecibo, Puerto Rico",earthquake,3.600000,6.600000,0.000000,6.000000,reviewed,pr,pr

2016-03-23T19:48:06.000Z,60.026800,-152.956000,112.300000,2.500000,ml,,,,0.580000,ak,ak13059824,2016-03-24T03:50:44.480Z,"52km SSW of Redoubt Volcano, Alaska",earthquake,1.200000,1.100000,,,automatic,ak,ak

2016-03-23T19:04:21.270Z,4.901000,123.332000,567.060000,4.100000,mb,,151.000000,4.544000,0.530000,us,us20005c2x,2016-03-24T03:07:02.598Z,"173km SSW of Palimbang, Philippines",earthquake,14.200000,10.900000,0.092000,32.000000,reviewed,us,us

2016-03-23T18:59:37.000Z,-35.626000,-71.416000,97.100000,4.000000,mb,,,,0.660000,us,us20005c2v,2016-03-24T03:02:28.343Z,"10km SE of San Clemente, Chile",earthquake,7.800000,7.700000,0.367000,2.000000,reviewed,guc,us

2016-03-23T18:33:05.070Z,-5.967500,152.588700,10.000000,4.800000,mb,,157.000000,1.814000,1.160000,us,us20005c2r,2016-03-24T02:35:44.322Z,"173km SSW of Taron, Papua New Guinea",earthquake,5.100000,1.900000,0.074000,56.000000,reviewed,us,us

2016-03-23T18:23:30.380Z,39.922400,106.150700,10.000000,4.100000,mb,,77.000000,7.694000,0.760000,us,us20005c2q,2016-03-24T02:26:05.981Z,"63km WNW of Wuhai, China",earthquake,9.400000,1.900000,0.120000,19.000000,reviewed,us,us

2016-03-23T18:12:51.950Z,36.757500,-98.607900,5.000000,2.600000,mb_lg,,112.000000,0.095000,0.840000,us,us20005c2n,2016-03-24T02:15:27.084Z,"7km SE of Alva, Oklahoma",earthquake,1.500000,1.900000,0.208000,6.000000,reviewed,us,us

2016-03-23T17:55:41.420Z,29.628700,102.319400,10.000000,4.500000,mb,,81.000000,11.197000,0.890000,us,us20005c2m,2016-03-24T01:58:19.110Z,"43km N of Xinmian, China",earthquake,6.200000,1.900000,0.082000,43.000000,reviewed,us,us

2016-03-23T17:45:54.000Z,59.804500,-151.954600,56.900000,3.000000,ml,,,,0.500000,ak,ak13058971,2016-03-24T01:48:36.723Z,"7km WNW of Anchor Point, Alaska",earthquake,0.600000,0.700000,,,automatic,ak,ak

2016-03-23T16:29:56.000Z,54.287100,-162.833200,41.300000,4.400000,ml,,,,0.540000,ak,ak13058141,2016-03-24T00:32:30.263Z,"73km SSE of False Pass, Alaska",earthquake,0.800000,0.500000,,,reviewed,ak,ak

2016-03-23T15:13:30.640Z,36.466400,-98.740900,6.330000,2.600000,mb_lg,,70.000000,0.011000,0.280000,us,us20005c1c,2016-03-24T01:06:48.569Z,"32km NW of Fairview, Oklahoma",earthquake,0.800000,2.100000,0.154000,11.000000,reviewed,us,us

2016-03-23T14:36:11.000Z,63.218800,-149.379400,81.200000,2.500000,ml,,,,0.690000,ak,ak13058128,2016-03-23T22:38:57.323Z,"28km SW of Cantwell, Alaska",earthquake,0.300000,0.600000,,,automatic,ak,ak

2016-03-23T13:14:06.340Z,-30.350000,-71.848000,20.870000,4.500000,mb,,166.000000,0.371000,0.930000,us,us20005c10,2016-03-23T21:16:33.230Z,"65km SW of Coquimbo, Chile",earthquake,7.200000,3.000000,0.204000,7.000000,reviewed,us,us

2016-03-23T12:20:36.180Z,-5.366500,150.621600,182.270000,4.600000,mb,,79.000000,1.930000,1.360000,us,us20005c0q,2016-03-23T20:23:09.777Z,"56km ENE of Kimbe, Papua New Guinea",earthquake,5.600000,7.800000,0.092000,35.000000,reviewed,us,us

2016-03-23T11:45:16.750Z,36.863200,-98.340900,4.080000,2.900000,mb_lg,,86.000000,0.120000,0.200000,us,us20005c0j,2016-03-23T19:47:49.268Z,"12km N of Cherokee, Oklahoma",earthquake,1.700000,7.800000,0.081000,40.000000,reviewed,us,us

2016-03-23T11:20:25.200Z,18.880300,-66.093800,26.000000,3.400000,Md,19.000000,216.000000,0.567735,0.310000,pr,pr16083001,2016-03-23T19:23:09.955Z,"45km N of San Juan, Puerto Rico",earthquake,1.300000,11.000000,0.000000,18.000000,reviewed,pr,pr

2016-03-23T10:50:03.530Z,24.560000,96.027100,62.660000,4.400000,mb,,113.000000,3.913000,0.740000,us,us20005c0c,2016-03-23T18:52:32.090Z,"126km WNW of Bhamo, Burma",earthquake,11.700000,4.100000,0.109000,24.000000,reviewed,us,us

2016-03-23T09:13:15.180Z,31.468000,142.325700,7.570000,4.500000,mb,,125.000000,2.687000,0.620000,us,us20005c03,2016-03-23T17:15:52.840Z,"297km SE of Hachijo-jima, Japan",earthquake,6.900000,4.300000,0.103000,28.000000,reviewed,us,us

2016-03-23T07:48:25.040Z,36.709800,52.314100,10.000000,4.300000,mb,,123.000000,4.782000,1.450000,us,us20005bzm,2016-03-23T09:01:19.925Z,"18km W of Fereydun Kenar, Iran",earthquake,10.700000,2.000000,0.142000,14.000000,reviewed,us,us

2016-03-23T04:55:04.000Z,51.618600,-173.506900,46.400000,4.000000,ml,,,,0.660000,ak,ak13053267,2016-03-23T17:05:18.639Z,"80km SE of Atka, Alaska",earthquake,4.000000,6.000000,,,reviewed,ak,ak

2016-03-23T01:42:00.400Z,18.940000,-68.265500,64.000000,2.900000,Md,8.000000,273.600000,0.437480,0.310000,pr,pr16083000,2016-03-23T09:44:40.272Z,"42km NNE of Punta Cana, Dominican Republic",earthquake,4.600000,4.400000,0.000000,6.000000,reviewed,pr,pr

2016-03-23T01:32:39.400Z,0.440800,123.803400,218.480000,4.100000,mb,,76.000000,1.798000,1.090000,us,us20005bxw,2016-03-23T09:35:22.563Z,"20km WNW of Molibagu, Indonesia",earthquake,8.400000,4.500000,0.117000,20.000000,reviewed,us,us

2016-03-23T01:12:47.620Z,13.325700,-89.078900,69.060000,4.200000,mb,,161.000000,0.388000,1.230000,us,us20005bxt,2016-03-23T09:15:29.984Z,"19km SSW of El Rosario, El Salvador",earthquake,7.800000,9.100000,0.079000,45.000000,reviewed,us,us

2016-03-23T00:38:00.490Z,-31.770100,-71.422800,45.540000,4.800000,mb,,142.000000,0.670000,0.680000,us,us20005bxq,2016-03-23T01:01:12.981Z,"28km WSW of Illapel, Chile",earthquake,4.700000,7.000000,0.062000,80.000000,reviewed,us,us

2016-03-23T00:17:03.940Z,-14.921500,167.292600,125.510000,4.600000,mb,,178.000000,0.529000,1.330000,us,us20005bxr,2016-03-23T08:19:30.602Z,"29km ENE of Port-Olry, Vanuatu",earthquake,15.300000,5.500000,0.158000,12.000000,reviewed,us,us

2016-03-22T23:17:49.500Z,18.089000,-67.206100,22.000000,2.500000,Md,8.000000,187.200000,0.122171,0.210000,pr,pr16082008,2016-03-23T07:20:50.703Z,"2km NW of Puerto Real, Puerto Rico",earthquake,0.600000,1.100000,0.000000,7.000000,reviewed,pr,pr

2016-03-22T22:14:47.400Z,-2.860700,129.782500,10.000000,4.500000,mb,,90.000000,4.341000,0.900000,us,us20005bwq,2016-03-23T06:17:18.845Z,"109km ENE of Amahai, Indonesia",earthquake,8.300000,1.900000,0.099000,30.000000,reviewed,us,us

2016-03-22T20:24:20.310Z,34.987600,33.822600,57.830000,4.000000,mb,,109.000000,0.404000,1.020000,us,us20005bvd,2016-03-23T07:26:47.361Z,"5km SSW of Avgorou, Cyprus",earthquake,7.700000,8.600000,0.111000,25.000000,reviewed,us,us

2016-03-22T20:14:55.390Z,36.509600,71.137400,95.230000,4.500000,mb,,184.000000,0.762000,0.990000,us,us20005bv2,2016-03-23T04:17:24.140Z,"40km WSW of Ashkasham, Afghanistan",earthquake,7.700000,7.900000,0.171000,10.000000,reviewed,us,us

2016-03-22T19:37:09.000Z,59.287300,-153.629000,120.900000,2.700000,ml,,,,0.850000,ak,ak13047724,2016-03-23T03:39:46.032Z,"89km SE of Old Iliamna, Alaska",earthquake,1.000000,0.500000,,,automatic,ak,ak

2016-03-22T18:47:04.500Z,1.687300,125.334400,118.170000,5.000000,mb,,60.000000,2.226000,1.300000,us,us20005bu1,2016-03-23T02:49:32.560Z,"31km NNE of Bitung, Indonesia",earthquake,6.500000,6.300000,0.066000,74.000000,reviewed,us,us

2016-03-22T18:44:41.900Z,18.879400,-64.458000,24.000000,3.000000,Md,9.000000,298.800000,0.484192,0.100000,pr,pr16082005,2016-03-23T02:47:23.656Z,"53km NNE of Road Town, British Virgin Islands",earthquake,1.600000,9.500000,0.000000,8.000000,reviewed,pr,pr

2016-03-22T17:41:17.770Z,36.471800,-98.739500,8.930000,2.500000,mb_lg,,70.000000,0.006000,0.450000,us,us20005bte,2016-03-23T01:43:51.888Z,"32km NW of Fairview, Oklahoma",earthquake,1.200000,1.700000,0.361000,2.000000,reviewed,us,us

2016-03-22T17:29:32.930Z,6.101400,126.998800,136.570000,4.800000,mb,,46.000000,1.707000,0.910000,us,us20005bsq,2016-03-24T15:07:40.625Z,"95km ESE of Pondaguitan, Philippines",earthquake,7.200000,6.200000,0.053000,111.000000,reviewed,us,us

2016-03-22T14:32:38.300Z,1.066400,126.454600,51.230000,4.500000,mb,,81.000000,0.957000,0.550000,us,us20005bqa,2016-03-22T22:35:25.255Z,"106km WNW of Kota Ternate, Indonesia",earthquake,8.000000,8.700000,0.093000,34.000000,reviewed,us,us

2016-03-22T14:21:09.000Z,60.931900,-150.633300,48.900000,2.500000,ml,,,,0.610000,ak,ak13044612,2016-03-22T22:23:42.478Z,"44km N of Sterling, Alaska",earthquake,0.300000,0.600000,,,automatic,ak,ak

2016-03-22T14:09:35.860Z,17.329200,-61.586400,42.150000,4.600000,mb,,124.000000,0.387000,0.630000,us,us20005bq0,2016-03-23T00:59:13.212Z,"32km NE of Parham, Antigua and Barbuda",earthquake,5.300000,7.000000,0.046000,145.000000,reviewed,us,us

2016-03-22T13:44:13.223Z,38.475800,-118.379200,5.400000,2.500000,ml,16.000000,81.500000,0.052000,0.181200,nn,nn00536856,2016-03-23T03:37:54.399Z,"22km ESE of Hawthorne, Nevada",earthquake,1.010000,2.900000,0.350000,5.000000,reviewed,nn,nn

2016-03-22T13:25:17.990Z,35.743500,31.741200,60.450000,4.500000,mb,,52.000000,1.516000,0.740000,us,us20005bpy,2016-03-22T21:27:47.462Z,"78km SW of Gazipasa, Turkey",earthquake,6.500000,7.900000,0.059000,83.000000,reviewed,us,us

2016-03-22T12:48:15.750Z,52.015200,157.612200,118.850000,4.400000,mb,,165.000000,1.096000,0.820000,us,us20005bpu,2016-03-22T20:51:09.766Z,"94km NE of Ozernovskiy, Russia",earthquake,10.500000,7.100000,0.062000,75.000000,reviewed,us,us

2016-03-22T12:35:34.048Z,38.653000,-118.793800,8.800000,2.800000,ml,22.000000,61.630000,0.187000,0.184600,nn,nn00536848,2016-03-23T03:31:14.289Z,"20km NW of Hawthorne, Nevada",earthquake,1.090000,1.500000,0.310000,9.000000,reviewed,nn,nn

2016-03-22T10:56:17.700Z,-4.466000,35.975800,10.000000,4.800000,mb,,77.000000,2.939000,0.780000,us,us20005bph,2016-03-22T12:57:37.173Z,"26km SSE of Galappo, Tanzania",earthquake,8.700000,1.800000,0.094000,35.000000,reviewed,us,us

2016-03-22T10:26:44.600Z,35.872900,-97.310200,6.497000,2.600000,ml,,54.000000,,0.190000,us,us20005bpf,2016-03-23T05:12:20.364Z,"9km SSW of Langston, Oklahoma",earthquake,1.100000,3.400000,,,reviewed,tul,tul

2016-03-22T10:00:45.356Z,38.655500,-118.784100,10.900000,4.100000,ml,53.000000,57.310000,0.184000,0.240300,nn,nn00536804,2016-03-23T13:58:23.954Z,"19km NW of Hawthorne, Nevada",earthquake,0.640000,1.100000,0.350000,33.000000,reviewed,nn,nn

2016-03-22T09:31:47.800Z,32.115333,-115.070000,18.380000,3.180000,ml,19.000000,129.000000,0.187100,0.290000,ci,ci37538432,2016-03-22T18:44:39.989Z,"11km SW of Estacion Coahuila, B.C., MX",earthquake,1.100000,1.260000,0.188000,73.000000,reviewed,ci,ci

2016-03-22T06:08:21.000Z,60.056400,-152.774800,118.000000,2.500000,ml,,,,0.490000,ak,ak13040806,2016-03-22T14:10:59.090Z,"47km S of Redoubt Volcano, Alaska",earthquake,1.400000,1.100000,,,automatic,ak,ak

2016-03-22T05:34:22.140Z,36.798300,140.518200,10.000000,4.800000,mb,,125.000000,0.624000,1.370000,us,us20005bni,2016-03-22T12:47:58.618Z,"15km ENE of Daigo, Japan",earthquake,6.800000,1.000000,0.040000,190.000000,reviewed,us,us

2016-03-22T04:55:56.220Z,54.310300,162.941100,47.820000,4.700000,mb,,108.000000,2.860000,0.710000,us,us20005bnd,2016-03-22T12:58:24.621Z,"215km S of Ust'-Kamchatsk Staryy, Russia",earthquake,8.700000,7.600000,0.052000,110.000000,reviewed,us,us

2016-03-22T04:48:56.040Z,-20.161400,-178.947500,672.030000,4.400000,mb,,47.000000,8.570000,0.860000,us,us20005bnb,2016-03-22T12:51:23.218Z,"59km NNW of Ndoi Island, Fiji",earthquake,6.700000,10.300000,0.056000,91.000000,reviewed,us,us

2016-03-22T02:59:58.000Z,45.595000,-75.028000,18.000000,2.800000,mb_lg,,,,1.150000,us,us20005bmy,2016-03-22T21:52:05.897Z,"2km SSW of Papineauville, Canada",earthquake,3.200000,2.000000,,,reviewed,ott,ott

2016-03-22T02:42:04.000Z,51.400100,-174.074300,8.100000,3.400000,ml,,,,0.430000,ak,ak13038583,2016-03-22T17:48:01.078Z,"88km S of Atka, Alaska",earthquake,8.100000,8.200000,,,reviewed,ak,ak

2016-03-22T01:23:16.760Z,36.055800,-97.245600,9.690000,2.600000,mb_lg,,66.000000,0.249000,0.430000,us,us20005bm0,2016-03-22T18:48:28.156Z,"12km N of Langston, Oklahoma",earthquake,0.600000,5.900000,0.093000,30.000000,reviewed,us,us

2016-03-22T00:43:31.360Z,18.173800,-75.899300,10.000000,3.800000,ml,,60.000000,1.555000,1.200000,us,us20005btr,2016-03-22T18:55:12.512Z,"43km ENE of Manchioneal, Jamaica",earthquake,6.300000,2.000000,0.105000,12.000000,reviewed,us,us

2016-03-22T00:41:17.000Z,51.362600,-174.360700,8.200000,2.600000,ml,,,,0.150000,ak,ak13037111,2016-03-22T17:22:18.913Z,"93km S of Atka, Alaska",earthquake,11.000000,10.100000,,,reviewed,ak,ak

2016-03-22T00:27:56.780Z,-20.057800,-177.614400,505.640000,4.300000,mb,,109.000000,7.313000,1.390000,us,us20005blu,2016-03-22T08:30:27.333Z,"130km ENE of Ndoi Island, Fiji",earthquake,12.800000,9.400000,0.055000,93.000000,reviewed,us,us

2016-03-22T00:06:58.990Z,35.937400,-96.740300,5.400000,2.600000,mb_lg,,63.000000,0.030000,0.530000,us,us20005blm,2016-03-22T08:09:37.481Z,"5km SSE of Cushing, Oklahoma",earthquake,1.200000,3.000000,0.161000,10.000000,reviewed,us,us

2016-03-21T23:35:30.970Z,36.884200,-98.273900,5.280000,2.500000,mb_lg,,58.000000,0.095000,0.430000,us,us20005ble,2016-03-22T07:38:08.901Z,"16km NNE of Cherokee, Oklahoma",earthquake,1.400000,5.600000,0.106000,23.000000,reviewed,us,us

2016-03-21T23:31:27.004Z,38.474200,-118.374500,3.700000,3.000000,ml,37.000000,50.160000,0.049000,0.155700,nn,nn00536692,2016-03-22T07:34:01.648Z,"22km ESE of Hawthorne, Nevada",earthquake,0.680000,1.800000,0.270000,15.000000,reviewed,nn,nn

2016-03-21T22:41:18.000Z,36.382800,-98.436600,4.340000,2.800000,mb_lg,,74.000000,0.114000,0.360000,us,us20005bl8,2016-03-21T23:38:07.521Z,"13km NNE of Fairview, Oklahoma",earthquake,1.100000,3.200000,0.078000,43.000000,reviewed,us,us

2016-03-21T21:29:30.580Z,3.117600,97.911400,87.350000,4.700000,mb,,49.000000,1.832000,1.230000,us,us20005bje,2016-03-22T05:32:03.949Z,"64km W of Kabanjahe, Indonesia",earthquake,6.800000,5.700000,0.063000,76.000000,reviewed,us,us

2016-03-21T20:55:50.000Z,67.062900,-156.314400,22.900000,2.500000,ml,,,,0.990000,ak,ak13034792,2016-03-22T04:58:25.783Z,"30km NE of Kobuk, Alaska",earthquake,5.600000,4.700000,,,reviewed,ak,ak

2016-03-21T19:28:46.070Z,20.135833,-155.846000,23.434000,2.880000,ml,11.000000,274.000000,0.065330,0.120000,hv,hv61208741,2016-03-21T21:39:53.040Z,"11km SSW of Kapaau, Hawaii",earthquake,1.060000,1.290000,0.131000,5.000000,reviewed,hv,hv

2016-03-21T18:36:06.130Z,-6.054900,101.854700,10.000000,4.700000,mb,,207.000000,2.008000,0.810000,us,us20005bhx,2016-03-22T02:39:09.363Z,"239km WSW of Kuripan, Indonesia",earthquake,6.800000,1.800000,0.093000,35.000000,reviewed,us,us

2016-03-21T18:06:04.000Z,61.242300,-150.658600,33.900000,2.700000,ml,,,,0.560000,ak,ak13034053,2016-03-21T21:14:38.212Z,"40km W of Anchorage, Alaska",earthquake,0.300000,0.500000,,,automatic,ak,ak

2016-03-21T17:12:23.790Z,35.486500,99.420200,14.890000,4.200000,mb,,155.000000,11.837000,0.930000,us,us20005bgz,2016-03-22T01:14:55.780Z,"53km W of Sangdang, China",earthquake,14.000000,7.000000,0.128000,17.000000,reviewed,us,us

2016-03-21T16:23:41.200Z,19.098800,-66.785000,30.000000,2.700000,Md,13.000000,252.000000,0.663855,0.400000,pr,pr16081002,2016-03-22T00:26:10.664Z,"67km N of Hatillo, Puerto Rico",earthquake,1.700000,11.800000,0.000000,10.000000,reviewed,pr,pr

2016-03-21T16:04:53.000Z,60.230700,-149.445400,24.500000,2.600000,ml,,,,0.710000,ak,ak13033329,2016-03-22T00:07:23.873Z,"7km NNW of Bear Creek, Alaska",earthquake,0.500000,0.300000,,,automatic,ak,ak

2016-03-21T15:51:17.580Z,-30.549200,-72.064400,6.520000,4.500000,mb,,190.000000,0.390000,0.890000,us,us20005bg9,2016-03-21T23:53:44.680Z,"83km W of Ovalle, Chile",earthquake,5.100000,5.900000,0.270000,4.000000,reviewed,us,us

2016-03-21T15:43:43.000Z,51.379400,-174.256600,4.800000,3.900000,ml,,,,0.500000,ak,ak13033324,2016-03-21T23:46:25.508Z,"90km S of Atka, Alaska",earthquake,5.300000,1.800000,,,reviewed,ak,ak

2016-03-21T15:32:32.000Z,51.486700,-174.387600,2.300000,3.600000,ml,,,,0.690000,ak,ak13033320,2016-03-21T23:35:07.996Z,"79km S of Atka, Alaska",earthquake,2.800000,0.800000,,,reviewed,ak,ak

2016-03-21T15:23:33.130Z,22.395500,143.551300,117.680000,4.500000,mb,,112.000000,4.841000,0.710000,us,us20005bgd,2016-03-21T23:26:14.822Z,"248km NW of Farallon de Pajaros, Northern Mariana Islands",earthquake,10.500000,7.300000,0.054000,102.000000,reviewed,us,us

2016-03-21T15:03:19.160Z,19.391667,-155.276167,2.743000,2.640000,ml,47.000000,42.000000,0.004385,0.100000,hv,hv61208616,2016-03-21T23:05:51.607Z,"5km SW of Volcano, Hawaii",earthquake,0.160000,0.120000,0.184000,22.000000,reviewed,hv,hv

2016-03-21T14:50:45.680Z,36.440600,-98.777800,5.000000,2.600000,mb_lg,,109.000000,0.026000,0.500000,us,us20005bfs,2016-03-22T03:59:55.700Z,"32km NW of Fairview, Oklahoma",earthquake,1.600000,1.600000,0.228000,5.000000,reviewed,us,us

2016-03-21T14:48:51.330Z,27.773400,66.102600,10.000000,5.300000,mb,,38.000000,7.200000,0.520000,us,us20005bft,2016-03-22T03:46:17.040Z,"53km W of Khuzdar, Pakistan",earthquake,7.700000,1.800000,0.039000,223.000000,reviewed,us,us

2016-03-21T14:21:08.000Z,19.387000,-155.243333,2.701000,2.860000,ml,37.000000,51.000000,0.007674,0.080000,hv,hv61208591,2016-03-21T22:23:49.214Z,"4km S of Volcano, Hawaii",earthquake,0.200000,0.170000,0.171000,18.000000,reviewed,hv,hv

2016-03-21T14:14:57.000Z,53.860000,-160.956800,35.100000,3.100000,ml,,,,1.040000,ak,ak13031908,2016-03-21T22:17:32.932Z,"137km SW of Chernabura Island, Alaska",earthquake,3.800000,2.200000,,,reviewed,ak,ak

2016-03-21T14:14:44.000Z,60.972000,-151.177000,62.200000,2.600000,ml,,,,0.570000,ak,ak13031904,2016-03-21T15:43:41.302Z,"31km N of Nikiski, Alaska",earthquake,0.300000,0.800000,,,automatic,ak,ak

2016-03-21T14:06:04.910Z,35.725300,99.265800,14.500000,4.900000,mb,,45.000000,9.111000,0.780000,us,us20005bfp,2016-03-21T22:08:42.723Z,"68km WSW of Heka, China",earthquake,8.800000,4.400000,0.073000,58.000000,reviewed,us,us

2016-03-21T13:18:23.510Z,43.262600,-71.780900,6.790000,2.900000,mb_lg,,103.000000,0.227000,0.570000,us,us20005bfm,2016-03-21T17:39:24.504Z,"7km NW of Contoocook, New Hampshire",earthquake,1.400000,7.500000,0.095000,29.000000,reviewed,us,us

2016-03-21T13:18:09.767Z,38.474100,-118.363000,4.500000,3.400000,ml,25.000000,45.080000,0.044000,0.158200,nn,nn00536452,2016-03-23T21:41:32.052Z,"23km ESE of Hawthorne, Nevada",earthquake,0.820000,2.400000,0.400000,10.000000,reviewed,nn,nn

2016-03-21T11:11:03.000Z,51.400300,-174.419200,1.400000,3.300000,ml,,,,0.540000,ak,ak13031194,2016-03-21T19:13:48.070Z,"89km S of Atka, Alaska",earthquake,4.500000,1.200000,,,reviewed,ak,ak

2016-03-21T10:46:49.914Z,38.479000,-118.374600,5.800000,3.300000,ml,30.000000,45.540000,0.053000,0.180800,nn,nn00536423,2016-03-23T21:03:10.544Z,"22km ESE of Hawthorne, Nevada",earthquake,0.860000,1.800000,0.270000,16.000000,reviewed,nn,nn

2016-03-21T09:48:18.000Z,57.755200,-154.095000,5.500000,2.700000,ml,,,,0.470000,ak,ak13030494,2016-03-21T17:50:58.900Z,"24km NNW of Larsen Bay, Alaska",earthquake,3.100000,3.200000,,,automatic,ak,ak

2016-03-21T08:31:17.060Z,-5.413900,-77.731800,48.420000,4.600000,mb,,148.000000,5.498000,0.870000,us,us20005bep,2016-03-21T16:33:48.549Z,"80km ENE of La Peca, Peru",earthquake,8.700000,8.500000,0.056000,96.000000,reviewed,us,us

2016-03-21T07:37:10.535Z,38.479200,-118.366200,9.900000,4.300000,ml,61.000000,29.500000,0.050000,0.235200,nn,nn00536374,2016-03-22T03:11:47.798Z,"23km ESE of Hawthorne, Nevada",earthquake,0.740000,0.700000,0.380000,39.000000,reviewed,nn,nn

2016-03-21T06:33:01.360Z,38.199833,-121.800333,23.540000,2.580000,md,42.000000,111.000000,0.045010,0.150000,nc,nc72610155,2016-03-22T21:09:06.119Z,"10km WNW of Rio Vista, California",earthquake,0.250000,0.320000,0.241000,52.000000,reviewed,nc,nc

2016-03-21T06:28:56.000Z,59.679600,-153.297500,102.600000,2.600000,ml,,,,0.570000,ak,ak13028370,2016-03-21T14:31:22.763Z,"83km W of Anchor Point, Alaska",earthquake,2.100000,1.200000,,,automatic,ak,ak

2016-03-21T04:51:17.560Z,36.523200,-98.960500,2.900000,2.600000,mb_lg,,70.000000,0.113000,0.400000,us,us20005bdv,2016-03-21T12:53:54.963Z,"23km ENE of Mooreland, Oklahoma",earthquake,2.000000,4.500000,0.100000,26.000000,reviewed,us,us

2016-03-21T04:36:27.100Z,19.680700,-64.221800,50.000000,3.600000,Md,6.000000,327.600000,1.492102,0.270000,pr,pr16081001,2016-03-21T12:39:05.858Z,"145km NNE of Road Town, British Virgin Islands",earthquake,4.700000,17.200000,0.000000,4.000000,reviewed,pr,pr

2016-03-21T03:29:33.840Z,40.232800,98.184000,15.240000,4.800000,mb,,64.000000,9.623000,0.970000,us,us20005bdh,2016-03-21T11:32:15.919Z,"47km NNW of Jiayuguan, China",earthquake,9.100000,4.400000,0.068000,66.000000,reviewed,us,us

2016-03-21T02:51:26.700Z,19.145200,-63.543500,58.000000,3.300000,Md,6.000000,327.600000,1.550492,0.170000,pr,pr16081000,2016-03-21T10:54:12.213Z,"114km NNW of The Valley, Anguilla",earthquake,2.400000,10.000000,0.000000,4.000000,reviewed,pr,pr

2016-03-21T02:25:09.850Z,-6.578000,105.355800,78.150000,4.600000,mb,,100.000000,3.249000,1.390000,us,us20005bd6,2016-03-21T03:14:47.385Z,"32km WNW of Babakantonggoh, Indonesia",earthquake,7.600000,7.400000,0.067000,67.000000,reviewed,us,us

2016-03-21T01:43:03.800Z,-17.901300,-178.483000,590.720000,4.400000,mb,,171.000000,7.573000,0.750000,us,us20005bd1,2016-03-21T09:45:45.284Z,"280km SE of Lambasa, Fiji",earthquake,15.400000,13.800000,0.123000,19.000000,reviewed,us,us

2016-03-21T00:34:52.010Z,1.239800,122.595500,55.820000,4.700000,mb,,57.000000,1.817000,1.110000,us,us20005bcv,2016-03-21T08:37:36.448Z,"65km N of Sidomulyo, Indonesia",earthquake,6.100000,4.700000,0.076000,52.000000,reviewed,us,us

2016-03-21T00:25:57.120Z,37.594100,-97.838300,7.730000,2.800000,mb_lg,,37.000000,0.322000,0.440000,us,us20005bcu,2016-03-21T11:14:33.162Z,"6km SW of Cheney, Kansas",earthquake,3.200000,7.600000,0.077000,44.000000,reviewed,us,us

2016-03-20T23:23:09.790Z,-31.453400,-71.795500,24.130000,4.700000,mb,,143.000000,0.724000,0.830000,us,us20005bbr,2016-03-21T07:25:46.226Z,"62km WNW of Illapel, Chile",earthquake,4.400000,5.800000,0.108000,26.000000,reviewed,us,us

2016-03-20T22:50:20.720Z,54.332500,162.798800,31.310000,6.400000,mwc,,20.000000,2.794000,0.710000,us,us20005bbh,2016-03-21T03:56:29.000Z,"211km S of Ust'-Kamchatsk Staryy, Russia",earthquake,7.200000,3.400000,0.033000,89.000000,reviewed,us,us

2016-03-20T22:12:09.640Z,35.530833,-116.420500,3.750000,2.550000,ml,16.000000,87.000000,0.388900,0.150000,ci,ci37537888,2016-03-21T18:32:20.040Z,"38km NE of Fort Irwin, California",earthquake,0.310000,1.670000,0.167000,99.000000,reviewed,ci,ci

2016-03-20T21:57:59.090Z,37.099833,-117.877000,3.550000,2.790000,ml,27.000000,75.000000,0.227400,0.220000,ci,ci37537872,2016-03-21T19:33:51.338Z,"37km E of Big Pine, California",earthquake,0.280000,31.610000,0.210000,51.000000,reviewed,ci,ci

2016-03-20T21:06:42.000Z,63.120000,-150.819700,133.700000,2.600000,ml,,,,0.360000,ak,ak13022189,2016-03-21T05:09:24.176Z,"95km NNW of Talkeetna, Alaska",earthquake,0.400000,0.700000,,,automatic,ak,ak

2016-03-20T20:54:00.880Z,36.287200,-97.524500,5.000000,3.000000,mb_lg,,53.000000,0.207000,0.270000,us,us20005bad,2016-03-20T21:38:33.077Z,"21km W of Perry, Oklahoma",earthquake,1.600000,2.000000,0.065000,62.000000,reviewed,us,us

2016-03-20T19:30:56.260Z,38.838333,-122.764833,0.840000,3.050000,ml,42.000000,78.000000,0.003911,0.060000,nc,nc72609930,2016-03-22T04:05:06.001Z,"4km WNW of Cobb, California",earthquake,0.140000,0.110000,0.198000,45.000000,reviewed,nc,nc

2016-03-20T19:30:53.180Z,38.839167,-122.763833,0.770000,2.890000,md,58.000000,47.000000,0.003710,0.080000,nc,nc72609920,2016-03-22T02:04:05.354Z,"4km WNW of Cobb, California",earthquake,0.110000,0.200000,0.070000,2.000000,reviewed,nc,nc

2016-03-20T18:26:46.880Z,10.115900,126.198200,64.080000,4.400000,mb,,144.000000,3.088000,0.690000,us,us20005b9l,2016-03-21T02:29:31.567Z,"17km NE of San Isidro, Philippines",earthquake,10.000000,9.700000,0.124000,19.000000,reviewed,us,us

2016-03-20T18:22:55.380Z,36.651200,71.413400,240.600000,4.300000,mb,,152.000000,0.821000,0.600000,us,us20005b9i,2016-03-21T02:25:32.618Z,"11km WSW of Ashkasham, Afghanistan",earthquake,9.700000,7.400000,0.111000,23.000000,reviewed,us,us

2016-03-20T18:15:40.560Z,-21.582300,169.393300,10.000000,4.700000,mb,,96.000000,1.272000,0.550000,us,us20005b9d,2016-03-21T02:18:17.476Z,"156km E of Tadine, New Caledonia",earthquake,7.500000,2.000000,0.153000,13.000000,reviewed,us,us

2016-03-20T18:15:07.610Z,43.986400,-128.713300,10.000000,3.400000,ml,,236.000000,3.381000,0.680000,us,us20005b9f,2016-03-20T23:25:19.545Z,"Off the coast of Oregon",earthquake,4.700000,2.000000,0.053000,46.000000,reviewed,us,us

2016-03-20T17:23:04.230Z,36.127000,-89.728333,9.070000,2.610000,md,59.000000,25.000000,0.022440,0.110000,nm,nm60133096,2016-03-21T12:51:29.927Z,"9km SW of Caruthersville, Missouri",earthquake,0.130000,0.340000,0.164000,26.000000,reviewed,nm,nm

2016-03-20T17:02:29.660Z,51.257600,-174.155000,10.000000,4.100000,mb,,229.000000,1.452000,0.910000,us,us20005b96,2016-03-21T01:05:26.330Z,"104km S of Atka, Alaska",earthquake,7.800000,2.000000,0.084000,39.000000,reviewed,us,us

2016-03-20T16:54:13.120Z,29.958200,93.172700,10.000000,4.700000,mb,,61.000000,1.795000,0.670000,us,us20005b94,2016-03-21T00:56:44.727Z,"13km WNW of Xarlung, China",earthquake,8.000000,1.800000,0.050000,121.000000,reviewed,us,us

2016-03-20T16:43:59.650Z,19.846500,-155.699167,32.356000,4.590000,ml,27.000000,112.000000,0.040570,0.100000,hv,hv61207881,2016-03-23T21:47:49.537Z,"13km SE of Waikoloa, Hawaii",earthquake,0.550000,0.790000,0.182000,17.000000,reviewed,hv,hv

2016-03-20T15:18:46.040Z,54.029600,158.530000,167.680000,4.400000,mb,,84.000000,1.010000,0.700000,us,us20005b8r,2016-03-20T23:21:15.188Z,"94km N of Yelizovo, Russia",earthquake,10.700000,6.800000,0.041000,167.000000,reviewed,us,us

2016-03-20T13:08:33.000Z,59.802500,-153.090600,95.300000,3.000000,ml,,,,0.600000,ak,ak13016939,2016-03-20T21:11:56.949Z,"70km W of Anchor Point, Alaska",earthquake,0.500000,0.500000,,,automatic,ak,ak

2016-03-20T10:19:12.920Z,49.606600,-28.557800,15.430000,4.400000,mb,,137.000000,16.423000,0.870000,us,us20005b83,2016-03-20T18:21:44.908Z,"Northern Mid-Atlantic Ridge",earthquake,13.100000,5.300000,0.095000,32.000000,reviewed,us,us

2016-03-20T08:34:02.040Z,-23.318700,-66.646900,197.350000,4.900000,mb,,43.000000,2.202000,1.110000,us,us20005b7p,2016-03-20T16:36:31.620Z,"98km W of El Aguilar, Argentina",earthquake,7.500000,6.100000,0.028000,412.000000,reviewed,us,us

2016-03-20T08:29:56.030Z,36.471300,-98.526800,5.000000,3.000000,mb_lg,,58.000000,0.006000,0.200000,us,us20005b7m,2016-03-20T23:04:03.341Z,"22km N of Fairview, Oklahoma",earthquake,0.800000,1.800000,0.061000,70.000000,reviewed,us,us

2016-03-20T07:46:23.610Z,31.039400,141.488600,74.830000,4.600000,mb,,132.000000,2.511000,0.860000,us,us20005b7g,2016-03-20T15:48:54.498Z,"277km SE of Hachijo-jima, Japan",earthquake,3.900000,9.400000,0.117000,22.000000,reviewed,us,us

2016-03-20T07:14:54.730Z,36.194400,-96.787200,5.000000,3.000000,mb_lg,,70.000000,0.068000,0.460000,us,us20005b7c,2016-03-20T15:17:36.819Z,"11km NW of Yale, Oklahoma",earthquake,1.400000,2.000000,0.065000,62.000000,reviewed,us,us

2016-03-20T07:01:40.240Z,35.991700,139.400300,92.840000,4.200000,mb,,104.000000,0.683000,0.800000,us,us20005b7b,2016-03-21T10:23:21.253Z,"3km NNE of Sakado, Japan",earthquake,5.200000,2.500000,0.147000,13.000000,reviewed,us,us

2016-03-20T06:06:23.700Z,18.541500,-68.981500,114.000000,4.600000,Md,22.000000,194.400000,0.450954,0.620000,pr,pr16080002,2016-03-23T05:23:41.689Z,"5km S of Guaymate, Dominican Republic",earthquake,4.900000,2.500000,0.000000,16.000000,reviewed,pr,pr

2016-03-20T05:54:40.700Z,18.424000,145.624100,150.740000,4.500000,mb,,102.000000,3.169000,0.600000,us,us20005b6v,2016-03-20T13:57:23.527Z,"38km S of Agrihan, Northern Mariana Islands",earthquake,6.800000,7.900000,0.063000,74.000000,reviewed,us,us

2016-03-20T04:02:33.970Z,51.456500,-174.106300,10.000000,4.200000,mb,,198.000000,1.371000,0.760000,us,us20005b6a,2016-03-20T23:15:42.552Z,"82km S of Atka, Alaska",earthquake,5.100000,2.000000,0.085000,38.000000,reviewed,us,us

2016-03-20T02:47:24.300Z,19.370300,-64.471800,10.000000,3.000000,Md,7.000000,309.600000,1.110318,0.370000,pr,pr16080001,2016-03-20T10:49:53.610Z,"106km N of Road Town, British Virgin Islands",earthquake,14.100000,20.100000,0.000000,6.000000,reviewed,pr,pr

2016-03-20T02:23:32.570Z,3.353400,126.521600,96.260000,4.400000,mb,,173.000000,2.699000,0.590000,us,us20005b5t,2016-03-20T10:26:09.121Z,"244km NW of Tobelo, Indonesia",earthquake,10.700000,11.000000,0.149000,13.000000,reviewed,us,us

2016-03-20T01:53:39.500Z,19.481800,-64.336300,38.000000,3.600000,Md,10.000000,306.000000,1.471440,0.270000,pr,pr16080000,2016-03-20T09:56:18.345Z,"121km NNE of Road Town, British Virgin Islands",earthquake,2.200000,20.900000,0.000000,10.000000,reviewed,pr,pr

2016-03-20T01:34:49.480Z,27.134100,126.666800,56.200000,4.300000,mb,,120.000000,4.231000,0.560000,us,us20005b5r,2016-03-20T02:40:56.046Z,"139km NW of Ishikawa, Japan",earthquake,9.900000,10.600000,0.137000,15.000000,reviewed,us,us

2016-03-20T01:24:58.590Z,51.571100,-174.308700,10.000000,4.200000,mb,,193.000000,1.206000,0.730000,us,us20005b5m,2016-03-20T23:15:41.695Z,"69km S of Atka, Alaska",earthquake,8.000000,1.900000,0.066000,64.000000,reviewed,us,us

2016-03-20T01:20:18.790Z,-7.633300,147.864800,57.960000,4.300000,mb,,79.000000,1.893000,1.010000,us,us20005b5k,2016-03-20T09:23:00.163Z,"114km S of Finschhafen, Papua New Guinea",earthquake,10.700000,10.500000,0.147000,13.000000,reviewed,us,us

2016-03-20T00:09:54.640Z,-4.378800,139.275600,10.000000,4.500000,mb,,95.000000,7.160000,0.960000,us,us20005b4s,2016-03-20T08:12:23.828Z,"219km NNW of Tanahmerah, Indonesia",earthquake,10.500000,1.900000,0.124000,19.000000,reviewed,us,us

2016-03-19T23:19:29.400Z,-38.116600,-73.979100,12.900000,4.600000,mb,,156.000000,0.815000,0.820000,us,us20005b4i,2016-03-20T07:22:07.655Z,"61km SW of Canete, Chile",earthquake,4.900000,5.100000,0.125000,19.000000,reviewed,us,us

2016-03-19T22:59:04.530Z,36.008800,-97.156500,4.520000,3.000000,mb_lg,,37.000000,0.263000,0.330000,us,us20005b4d,2016-03-20T03:38:58.451Z,"11km WNW of Perkins, Oklahoma",earthquake,1.600000,7.100000,0.061000,69.000000,reviewed,us,us

2016-03-19T22:11:56.400Z,18.319700,-68.555000,75.000000,3.700000,Md,12.000000,198.000000,0.253325,0.680000,pr,pr16079003,2016-03-20T06:14:34.079Z,"8km SE of Boca de Yuma, Dominican Republic",earthquake,10.700000,3.500000,0.000000,7.000000,reviewed,pr,pr

2016-03-19T22:03:35.850Z,-0.605800,123.320900,37.790000,4.200000,mb,,55.000000,0.699000,0.930000,us,us20005b47,2016-03-20T06:06:06.596Z,"70km ENE of Luwuk, Indonesia",earthquake,5.500000,12.900000,0.141000,14.000000,reviewed,us,us

2016-03-19T22:00:30.000Z,51.342900,-173.961500,16.600000,3.500000,ml,,,,0.510000,ak,ak13010729,2016-03-20T06:03:01.236Z,"96km S of Atka, Alaska",earthquake,3.400000,1.600000,,,reviewed,ak,ak

2016-03-19T21:55:29.380Z,65.113200,22.334300,14.140000,4.100000,mb,,108.000000,4.052000,0.940000,us,us20005b41,2016-03-21T20:59:56.662Z,"46km ESE of Pitea, Sweden",earthquake,3.800000,5.900000,0.093000,32.000000,reviewed,us,us

2016-03-19T21:34:39.700Z,37.096900,-98.025000,4.630000,2.900000,mb_lg,,57.000000,0.062000,0.190000,us,us20005b3w,2016-03-20T20:01:37.082Z,"6km S of Anthony, Kansas",earthquake,1.100000,3.000000,0.069000,55.000000,reviewed,us,us

2016-03-19T21:21:28.510Z,38.848833,-122.754833,1.270000,2.630000,md,34.000000,107.000000,0.012840,0.050000,nc,nc72609235,2016-03-23T01:56:04.845Z,"4km NW of Cobb, California",earthquake,0.190000,0.160000,0.244000,9.000000,reviewed,nc,nc

2016-03-19T21:20:32.380Z,38.848500,-122.758000,1.530000,3.240000,ml,72.000000,46.000000,0.011920,0.050000,nc,nc72609210,2016-03-24T05:06:01.781Z,"4km NW of Cobb, California",earthquake,0.090000,0.150000,0.127000,49.000000,reviewed,nc,nc

2016-03-19T20:28:54.990Z,36.695200,-98.611700,3.460000,2.800000,mb_lg,,78.000000,0.079000,0.140000,us,us20005b2w,2016-03-19T21:34:23.038Z,"13km SSE of Alva, Oklahoma",earthquake,1.300000,3.300000,0.071000,52.000000,reviewed,us,us

2016-03-19T20:17:52.580Z,51.968700,178.396900,103.380000,4.600000,mb,,101.000000,2.741000,0.800000,us,us20005b2v,2016-03-20T04:20:35.761Z,"7km WNW of Little Sitkin Island, Alaska",earthquake,8.500000,7.000000,0.041000,175.000000,reviewed,us,us

2016-03-19T18:50:28.510Z,-33.178100,-71.847100,30.100000,4.200000,mb,,167.000000,0.234000,1.360000,us,us20005b20,2016-03-22T15:00:13.851Z,"25km SW of Valparaiso, Chile",earthquake,3.800000,6.800000,0.264000,5.000000,reviewed,us,us

2016-03-19T18:36:19.660Z,-37.312000,-94.741100,13.350000,4.900000,mb,,103.000000,16.940000,0.880000,us,us20005b1y,2016-03-22T14:38:04.292Z,"West Chile Rise",earthquake,7.800000,5.000000,0.052000,116.000000,reviewed,us,us

2016-03-19T18:16:20.000Z,61.534600,-150.593700,47.600000,2.600000,ml,,,,0.640000,ak,ak13008297,2016-03-20T02:18:49.462Z,"34km W of Big Lake, Alaska",earthquake,0.400000,1.500000,,,automatic,ak,ak

2016-03-19T16:46:49.000Z,18.027900,-66.818200,20.000000,2.500000,Md,10.000000,129.600000,0.077255,0.340000,pr,pr16079001,2016-03-20T00:49:23.025Z,"2km WNW of Guayanilla, Puerto Rico",earthquake,0.800000,2.000000,0.000000,9.000000,reviewed,pr,pr

2016-03-19T16:46:39.000Z,60.184700,-153.236300,140.600000,2.500000,ml,,,,0.670000,ak,ak13007731,2016-03-20T00:49:18.722Z,"43km SW of Redoubt Volcano, Alaska",earthquake,1.100000,0.800000,,,automatic,ak,ak

2016-03-19T16:15:39.961Z,40.368800,-117.720200,14.200000,2.900000,ml,23.000000,98.600000,0.385000,0.131500,nn,nn00536173,2016-03-20T22:45:05.515Z,"67km S of Winnemucca, Nevada",earthquake,7.650000,9.300000,0.200000,13.000000,reviewed,nn,nn

2016-03-19T15:30:59.480Z,11.928900,-88.712000,42.820000,4.400000,mb,,179.000000,1.794000,1.170000,us,us20005b14,2016-03-19T23:33:43.842Z,"150km S of Puerto El Triunfo, El Salvador",earthquake,8.700000,12.700000,0.112000,23.000000,reviewed,us,us

2016-03-19T13:05:18.400Z,18.608200,-64.671000,74.000000,3.300000,Md,10.000000,280.800000,0.370106,0.200000,pr,pr16079000,2016-03-19T21:07:47.934Z,"21km NNW of Road Town, British Virgin Islands",earthquake,1.400000,1.000000,0.000000,9.000000,reviewed,pr,pr

2016-03-19T11:26:34.020Z,17.990800,-60.699800,32.000000,6.000000,mww,,27.000000,1.082000,1.160000,us,us20005azy,2016-03-20T01:14:38.935Z,"124km ENE of Codrington, Barbuda",earthquake,6.400000,1.800000,,,reviewed,us,us

2016-03-19T11:06:07.700Z,18.724800,-66.918000,56.000000,2.600000,Md,11.000000,255.600000,0.314410,0.180000,pr,pr16079002,2016-03-19T20:35:36.723Z,"27km NNE of Isabela, Puerto Rico",earthquake,0.900000,1.400000,0.000000,7.000000,reviewed,pr,pr

2016-03-19T10:54:59.180Z,54.398900,126.535100,13.790000,4.700000,mb,,77.000000,7.831000,0.790000,us,us20005azu,2016-03-19T12:46:30.076Z,"86km NNW of Zeya, Russia",earthquake,8.200000,3.800000,0.051000,118.000000,reviewed,us,us

2016-03-19T10:24:44.970Z,11.845000,-88.804300,10.000000,5.400000,mb,,115.000000,1.877000,0.900000,us,us20005azr,2016-03-19T22:56:32.000Z,"161km S of Puerto El Triunfo, El Salvador",earthquake,6.200000,1.800000,0.022000,724.000000,reviewed,us,us

2016-03-19T09:41:32.000Z,52.774600,-168.127900,25.700000,4.100000,ml,,,,0.820000,ak,ak13004517,2016-03-19T20:53:13.974Z,"53km ESE of Nikolski, Alaska",earthquake,1.900000,2.700000,,,reviewed,ak,ak

2016-03-19T09:19:35.000Z,51.555900,-173.557700,30.900000,2.800000,ml,,,,0.670000,ak,ak13004506,2016-03-19T20:53:08.979Z,"83km SSE of Atka, Alaska",earthquake,3.700000,9.400000,,,reviewed,ak,ak

2016-03-19T08:51:25.150Z,-5.587900,129.478100,272.700000,5.400000,mb,,28.000000,2.988000,0.800000,us,us20005az4,2016-03-19T18:55:04.000Z,"241km SSE of Saparua, Indonesia",earthquake,8.000000,6.200000,0.047000,156.000000,reviewed,us,us

2016-03-19T08:50:29.110Z,51.596100,-174.342200,32.180000,4.100000,mb,,205.000000,1.176000,0.810000,us,us20005az6,2016-03-19T20:32:34.750Z,"67km S of Atka, Alaska",earthquake,8.900000,10.600000,0.109000,23.000000,reviewed,us,us

2016-03-19T08:45:18.000Z,51.362800,-174.323300,7.300000,2.500000,ml,,,,0.430000,ak,ak13003993,2016-03-19T20:33:32.609Z,"93km S of Atka, Alaska",earthquake,7.100000,7.000000,,,reviewed,ak,ak

2016-03-19T06:46:28.570Z,36.166200,-99.159700,5.000000,2.600000,mb_lg,,66.000000,0.248000,0.380000,us,us20005ayx,2016-03-19T08:07:46.496Z,"22km NW of Taloga, Oklahoma",earthquake,3.800000,2.000000,0.076000,45.000000,reviewed,us,us

2016-03-19T05:05:46.260Z,34.491600,46.880800,10.000000,4.400000,mb,,104.000000,4.902000,0.580000,us,us20005ayp,2016-03-19T13:08:28.825Z,"20km NW of Kahriz, Iran",earthquake,4.600000,1.900000,0.095000,32.000000,reviewed,us,us

2016-03-19T04:41:17.520Z,51.089500,-174.261300,10.000000,4.500000,mb,,179.000000,1.506000,1.080000,us,us20005ayj,2016-03-19T20:32:35.462Z,"123km S of Atka, Alaska",earthquake,8.800000,1.900000,0.048000,125.000000,reviewed,us,us

2016-03-19T04:31:00.010Z,36.919500,-97.811400,5.000000,2.700000,mb_lg,,35.000000,0.078000,0.450000,us,us20005ayg,2016-03-19T05:29:48.261Z,"14km NNW of Medford, Oklahoma",earthquake,1.700000,1.900000,0.073000,49.000000,reviewed,us,us

2016-03-19T04:00:01.000Z,52.881800,-174.029500,21.200000,4.200000,ml,,,,0.730000,ak,ak13002940,2016-03-19T20:11:32.417Z,"77km N of Atka, Alaska",earthquake,3.700000,3.000000,,,reviewed,ak,ak

2016-03-19T03:59:59.460Z,51.767800,-173.625000,10.000000,4.900000,mb,,175.000000,1.543000,1.110000,us,us20005ay8,2016-03-19T12:02:29.675Z,"61km SE of Atka, Alaska",earthquake,8.600000,1.900000,0.028000,410.000000,reviewed,us,us

2016-03-19T02:31:35.140Z,51.383200,-174.139100,10.000000,4.100000,mb,,197.000000,1.390000,0.840000,us,us20005ay1,2016-03-19T10:34:17.136Z,"90km S of Atka, Alaska",earthquake,7.300000,2.000000,0.100000,27.000000,reviewed,us,us

2016-03-19T02:06:50.660Z,51.119100,-173.973300,10.000000,4.100000,mb,,198.000000,1.626000,0.890000,us,us20005axz,2016-03-19T10:09:23.335Z,"120km S of Atka, Alaska",earthquake,10.300000,1.600000,0.089000,34.000000,reviewed,us,us

2016-03-19T01:38:05.400Z,36.933400,-97.814200,5.000000,2.500000,mb_lg,,36.000000,0.089000,0.330000,us,us20005axt,2016-03-19T09:40:48.399Z,"15km NNW of Medford, Oklahoma",earthquake,1.100000,2.000000,0.154000,11.000000,reviewed,us,us

2016-03-19T01:35:12.230Z,51.512500,-174.234100,17.000000,6.000000,mww,,46.000000,1.274000,1.030000,us,us20005axu,2016-03-19T22:56:31.000Z,"76km S of Atka, Alaska",earthquake,6.900000,1.700000,,,reviewed,us,us

2016-03-19T01:27:55.250Z,26.958300,126.831900,34.350000,4.900000,mb,,47.000000,1.292000,1.340000,us,us20005axq,2016-03-19T09:30:29.421Z,"114km WNW of Ishikawa, Japan",earthquake,5.100000,5.300000,0.049000,131.000000,reviewed,us,us

2016-03-19T01:22:16.320Z,51.379600,-174.265400,10.000000,5.000000,mb,,140.000000,1.325000,1.170000,us,us20005axl,2016-03-19T09:24:45.183Z,"90km S of Atka, Alaska",earthquake,8.200000,1.900000,0.028000,398.000000,reviewed,us,us

2016-03-19T00:11:28.140Z,36.898500,70.911900,109.970000,4.100000,mb,,141.000000,0.868000,1.210000,us,us20005axj,2016-03-19T08:14:02.605Z,"7km ENE of Jarm, Afghanistan",earthquake,7.000000,8.700000,0.185000,8.000000,reviewed,us,us

2016-03-18T23:28:06.080Z,26.518400,126.765000,16.190000,4.800000,mb,,61.000000,1.385000,0.520000,us,us20005ax6,2016-03-19T07:30:35.149Z,"97km WNW of Naha-shi, Japan",earthquake,8.100000,5.000000,0.073000,58.000000,reviewed,us,us

2016-03-18T23:27:13.090Z,19.426000,-155.616000,2.382000,3.170000,ml,47.000000,78.000000,0.025590,0.170000,hv,hv61206376,2016-03-19T07:29:47.767Z,"26km E of Honaunau-Napoopoo, Hawaii",earthquake,0.320000,0.540000,0.211000,27.000000,reviewed,hv,hv

2016-03-18T23:06:47.100Z,36.222300,-99.208100,5.000000,3.000000,mb_lg,,71.000000,0.229000,0.560000,us,us20005aws,2016-03-19T05:13:30.110Z,"24km S of Mooreland, Oklahoma",earthquake,2.900000,1.600000,0.067000,58.000000,reviewed,us,us

2016-03-18T22:50:21.000Z,61.930900,-150.873500,40.400000,2.700000,ml,,,,1.070000,ak,ak13000480,2016-03-19T06:53:00.315Z,"48km WNW of Willow, Alaska",earthquake,0.800000,24.100000,,,automatic,ak,ak

2016-03-18T22:46:56.680Z,49.678900,-129.817600,10.000000,5.200000,mwr,,141.000000,1.448000,0.950000,us,us20005awl,2016-03-23T04:03:28.904Z,"205km WSW of Port Hardy, Canada",earthquake,4.700000,1.700000,0.043000,51.000000,reviewed,us,us

2016-03-18T22:29:43.000Z,59.658200,-153.253000,109.500000,2.900000,ml,,,,0.830000,ak,ak13000473,2016-03-19T06:32:13.146Z,"81km W of Anchor Point, Alaska",earthquake,1.100000,0.700000,,,automatic,ak,ak

2016-03-18T21:58:18.500Z,45.887700,21.168300,4.500000,2.900000,ml,,,,1.180000,us,us20005bah,2016-03-20T21:18:28.295Z,"3km N of Sanandrei, Romania",earthquake,4.200000,8.000000,,,reviewed,buc,buc

2016-03-18T21:45:58.650Z,38.796833,-122.762500,2.690000,2.900000,ml,73.000000,31.000000,0.020200,0.060000,nc,nc72608595,2016-03-20T16:14:33.710Z,"2km N of The Geysers, California",earthquake,0.100000,0.180000,0.182000,23.000000,reviewed,nc,nc

2016-03-18T19:57:01.300Z,35.491100,-96.974600,5.354000,3.000000,ml,,58.000000,,0.710000,us,us20005avb,2016-03-19T17:08:56.255Z,"6km WSW of Meeker, Oklahoma",earthquake,1.100000,6.100000,,,reviewed,tul,tul

2016-03-18T19:25:25.000Z,59.738700,-153.167800,104.900000,3.800000,ml,,,,0.710000,ak,ak12999521,2016-03-19T16:32:43.040Z,"75km W of Anchor Point, Alaska",earthquake,0.300000,0.400000,,,reviewed,ak,ak

2016-03-18T17:52:18.700Z,36.265900,-99.115600,15.670000,2.700000,mb_lg,,46.000000,0.146000,1.180000,us,us20005aud,2016-03-19T14:42:01.392Z,"20km SSE of Mooreland, Oklahoma",earthquake,3.300000,1.700000,0.074000,48.000000,reviewed,us,us

2016-03-18T16:22:35.000Z,62.824500,-149.587500,7.300000,3.000000,ml,,,,0.720000,ak,ak12998160,2016-03-18T22:38:09.588Z,"61km NNE of Talkeetna, Alaska",earthquake,0.300000,0.300000,,,reviewed,ak,ak

2016-03-18T16:11:00.230Z,37.967000,72.455300,10.000000,5.400000,mb,,54.000000,0.766000,1.300000,us,us20005ate,2016-03-20T21:08:09.040Z,"92km NE of Shughnon, Tajikistan",earthquake,5.100000,1.800000,0.068000,73.000000,reviewed,us,us

2016-03-18T16:00:59.640Z,36.193200,-99.183100,5.000000,2.900000,mb_lg,,113.000000,0.236000,0.980000,us,us20005atc,2016-03-19T00:03:34.594Z,"26km NW of Taloga, Oklahoma",earthquake,3.200000,2.000000,0.066000,59.000000,reviewed,us,us

2016-03-18T14:54:09.300Z,19.032600,-64.232400,55.000000,3.100000,Md,4.000000,334.800000,0.712364,0.090000,pr,pr16078005,2016-03-18T22:57:05.447Z,"79km NNE of Road Town, British Virgin Islands",earthquake,5.300000,5.800000,0.000000,3.000000,reviewed,pr,pr

2016-03-18T14:31:03.820Z,32.662667,-118.105000,5.770000,2.970000,ml,24.000000,212.000000,0.488400,0.240000,ci,ci37536936,2016-03-18T22:33:31.260Z,"28km SE of San Clemente Is. (SE tip), California",earthquake,0.590000,31.610000,0.134000,80.000000,reviewed,ci,ci

2016-03-18T14:12:54.340Z,28.901500,143.087500,34.720000,5.100000,mb,,127.000000,1.968000,1.090000,us,us20005ar6,2016-03-18T22:15:25.734Z,"218km NNE of Chichi-shima, Japan",earthquake,8.700000,5.400000,0.069000,69.000000,reviewed,us,us

2016-03-18T14:10:12.220Z,-10.188600,160.922900,43.160000,5.100000,mb,,84.000000,1.216000,0.670000,us,us20005ar4,2016-03-18T22:12:58.333Z,"113km WNW of Kirakira, Solomon Islands",earthquake,10.100000,8.200000,0.093000,37.000000,reviewed,us,us

2016-03-18T13:33:59.000Z,51.492700,-173.520000,25.100000,3.400000,ml,,,,0.660000,ak,ak12997258,2016-03-18T22:19:57.644Z,"91km SSE of Atka, Alaska",earthquake,4.200000,5.400000,,,reviewed,ak,ak

2016-03-18T12:49:14.880Z,-12.486900,166.530900,42.260000,5.500000,mwb,,34.000000,3.014000,0.890000,us,us20005aqk,2016-03-18T20:51:46.790Z,"189km NW of Sola, Vanuatu",earthquake,5.300000,4.900000,0.049000,40.000000,reviewed,us,us

2016-03-18T11:52:20.730Z,51.558900,-173.528400,37.010000,4.400000,mb,,187.000000,1.660000,0.920000,us,us20005aqb,2016-03-18T22:18:37.401Z,"84km SSE of Atka, Alaska",earthquake,9.800000,9.100000,0.048000,123.000000,reviewed,us,us

2016-03-18T11:50:12.400Z,18.626800,-63.731000,24.000000,3.200000,Md,5.000000,352.800000,0.865976,0.120000,pr,pr16078004,2016-03-18T19:52:46.527Z,"84km WNW of The Valley, Anguilla",earthquake,6.200000,11.000000,0.000000,5.000000,reviewed,pr,pr

2016-03-18T10:52:00.440Z,-56.356600,-27.282600,102.080000,5.300000,mb,,53.000000,5.651000,0.830000,us,us20005aq1,2016-03-18T18:54:37.561Z,"38km N of Visokoi Island, South Georgia and the South Sandwich Islands",earthquake,10.800000,5.200000,0.057000,104.000000,reviewed,us,us

2016-03-18T09:38:12.950Z,51.623700,-173.605700,55.440000,5.100000,mb,,136.000000,1.593000,1.020000,us,us20005apm,2016-03-18T21:58:51.210Z,"75km SSE of Atka, Alaska",earthquake,8.700000,7.900000,0.027000,454.000000,reviewed,us,us

2016-03-18T09:19:48.000Z,51.280200,-173.876100,48.100000,3.900000,ml,,,,0.840000,ak,ak12995944,2016-03-18T21:59:55.924Z,"104km SSE of Atka, Alaska",earthquake,4.700000,14.100000,,,reviewed,ak,ak

2016-03-18T07:32:50.000Z,51.541700,-173.472300,35.400000,3.100000,ml,,,,0.330000,ak,ak13000001,2016-03-18T21:38:56.001Z,"88km SE of Atka, Alaska",earthquake,7.000000,6.500000,,,reviewed,ak,ak

2016-03-18T05:53:47.240Z,55.959800,110.052300,17.800000,4.700000,mb,,43.000000,8.315000,0.660000,us,us20005anq,2016-03-18T13:56:21.513Z,"3km NW of Kichera, Russia",earthquake,5.300000,4.500000,0.066000,70.000000,reviewed,us,us

2016-03-18T05:52:08.200Z,18.044500,-64.809500,127.000000,3.400000,Md,6.000000,244.800000,0.334173,0.140000,pr,pr16078003,2016-03-18T13:54:53.684Z,"34km NNW of Christiansted, U.S. Virgin Islands",earthquake,6.200000,1.600000,0.000000,4.000000,reviewed,pr,pr

2016-03-18T04:58:22.890Z,35.346500,-118.567167,10.580000,2.550000,ml,10.000000,103.000000,0.131800,0.230000,ci,ci37137916,2016-03-18T13:23:30.154Z,"26km NNW of Tehachapi, California",earthquake,0.570000,1.620000,0.186000,4.000000,reviewed,ci,ci

2016-03-18T04:58:05.690Z,35.332500,-118.552167,8.060000,3.110000,ml,55.000000,44.000000,0.115000,0.160000,ci,ci37536784,2016-03-18T19:37:10.855Z,"24km NNW of Tehachapi, California",earthquake,0.150000,0.610000,0.192000,141.000000,reviewed,ci,ci

2016-03-18T04:05:17.300Z,18.811000,-65.000500,64.000000,2.600000,Md,3.000000,316.800000,0.458141,0.270000,pr,pr16078002,2016-03-18T12:07:49.585Z,"52km N of Charlotte Amalie, U.S. Virgin Islands",earthquake,9.900000,7.800000,0.000000,3.000000,reviewed,pr,pr

2016-03-18T03:09:25.950Z,19.037167,-155.371667,34.951000,3.120000,ml,47.000000,217.000000,0.145400,0.090000,hv,hv61205826,2016-03-18T16:24:53.080Z,"21km SSE of Pahala, Hawaii",earthquake,0.670000,0.980000,0.125000,28.000000,reviewed,hv,hv

2016-03-18T02:07:51.000Z,66.791300,-162.932700,20.800000,2.900000,ml,,,,0.710000,ak,ak12994265,2016-03-18T21:18:12.957Z,"18km SW of Kotzebue, Alaska",earthquake,1.500000,0.800000,,,reviewed,ak,ak

2016-03-18T02:05:36.000Z,51.537300,-174.308800,4.000000,2.900000,ml,,,,0.410000,ak,ak12994264,2016-03-18T21:18:44.266Z,"73km S of Atka, Alaska",earthquake,12.800000,3.700000,,,reviewed,ak,ak

2016-03-18T01:35:49.500Z,18.995500,-66.975000,7.000000,3.000000,Md,9.000000,288.000000,0.540786,0.270000,pr,pr16078001,2016-03-18T09:38:39.100Z,"55km N of Isabela, Puerto Rico",earthquake,2.800000,2.600000,0.000000,8.000000,reviewed,pr,pr

2016-03-18T00:31:27.440Z,-4.564200,153.052000,51.530000,5.300000,mb,,26.000000,0.960000,1.120000,us,us20005amh,2016-03-18T16:56:54.040Z,"10km S of Taron, Papua New Guinea",earthquake,3.800000,6.700000,0.040000,213.000000,reviewed,us,us

2016-03-18T00:20:31.700Z,18.504900,-66.345000,86.000000,2.700000,Md,5.000000,226.800000,0.417717,0.180000,pr,pr16078000,2016-03-18T08:23:15.894Z,"4km N of Brenas, Puerto Rico",earthquake,3.200000,1.400000,0.000000,5.000000,reviewed,pr,pr

2016-03-18T00:17:08.320Z,-22.279000,171.423200,93.230000,5.200000,mb,,66.000000,3.249000,0.790000,us,us20005ame,2016-03-18T08:19:50.477Z,"65km WNW of Ile Hunter, New Caledonia",earthquake,7.700000,6.200000,0.038000,229.000000,reviewed,us,us

2016-03-17T22:46:41.000Z,63.501800,-151.254700,0.000000,2.900000,ml,,,,1.170000,ak,ak12993410,2016-03-18T06:49:17.587Z,"115km W of Cantwell, Alaska",earthquake,0.300000,0.300000,,,automatic,ak,ak

2016-03-17T21:42:43.000Z,56.722000,-154.163500,35.000000,3.000000,ml,,,,0.600000,ak,ak12993002,2016-03-21T05:56:08.040Z,"91km S of Larsen Bay, Alaska",earthquake,3.900000,1.300000,,,reviewed,ak,ak

2016-03-17T19:56:29.770Z,9.410300,-84.598400,21.260000,3.700000,mb,,176.000000,0.257000,0.810000,us,us20005ali,2016-03-18T03:59:09.086Z,"22km S of Jaco, Costa Rica",earthquake,1.800000,10.000000,0.357000,2.000000,reviewed,us,us

2016-03-17T19:50:44.620Z,24.327900,125.230200,27.590000,4.800000,mb,,120.000000,2.027000,0.770000,us,us20005ake,2016-03-18T03:53:30.152Z,"52km S of Hirara, Japan",earthquake,5.500000,5.300000,0.057000,95.000000,reviewed,us,us

2016-03-17T19:31:00.560Z,35.440000,-118.350167,2.960000,2.620000,ml,47.000000,43.000000,0.159200,0.130000,ci,ci37536640,2016-03-17T21:14:43.600Z,"21km SE of Bodfish, California",earthquake,0.140000,0.590000,0.244000,25.000000,reviewed,ci,ci

2016-03-17T18:59:22.050Z,39.435600,142.247500,47.250000,4.700000,mb,,124.000000,1.811000,0.660000,us,us20005ajv,2016-03-18T03:01:52.768Z,"25km E of Yamada, Japan",earthquake,7.000000,6.600000,0.036000,235.000000,reviewed,us,us

2016-03-17T18:54:10.620Z,-7.164900,129.086600,167.910000,4.700000,mb,,91.000000,2.338000,0.660000,us,us20005bhq,2016-03-22T18:20:35.627Z,"260km WNW of Saumlaki, Indonesia",earthquake,11.400000,9.000000,0.165000,11.000000,reviewed,us,us

2016-03-17T18:46:49.000Z,60.146800,-153.021300,130.900000,3.300000,ml,,,,0.680000,ak,ak12992166,2016-03-18T02:49:21.032Z,"40km SSW of Redoubt Volcano, Alaska",earthquake,0.400000,0.500000,,,reviewed,ak,ak

2016-03-17T18:34:47.200Z,19.130500,-66.848000,52.000000,2.800000,Md,10.000000,270.000000,0.705178,0.330000,pr,pr16077002,2016-03-18T02:37:21.868Z,"71km N of Hatillo, Puerto Rico",earthquake,1.900000,4.800000,0.000000,10.000000,reviewed,pr,pr

2016-03-17T17:19:53.940Z,29.638800,102.072800,10.000000,4.600000,mb,,53.000000,6.470000,0.910000,us,us20005aja,2016-03-18T01:22:39.602Z,"46km SSE of Kangding, China",earthquake,8.600000,1.900000,0.075000,54.000000,reviewed,us,us

2016-03-17T16:47:01.390Z,34.027200,78.106600,32.750000,4.200000,mb,,150.000000,6.297000,1.470000,us,us20005ai2,2016-03-18T14:19:56.254Z,"50km ESE of Leh, India",earthquake,10.300000,5.200000,0.127000,19.000000,reviewed,us,us

2016-03-17T15:30:42.330Z,-6.136700,128.744900,290.660000,4.400000,mb,,87.000000,3.128000,1.210000,us,us20005ahh,2016-03-18T14:10:08.426Z,"274km SSE of Amahusu, Indonesia",earthquake,9.800000,10.200000,0.149000,15.000000,reviewed,us,us

